theta,z,w
-0.35016178566465733,-0.17660649967203834,0.9842815370988071
-0.6683281601959103,-0.17660649967203834,0.9842815370988071
-1.005759832798634,-0.49184023631982937,0.8706854667081876
-1.3336583609713617,-0.49184023631982937,0.8706854667081876
-1.871637698559417,-0.7890052824383459,0.614386412841614
-2.0748726449106076,-0.8691475593238861,0.4945528486636508
-2.378196088486025,-0.9311581087440456,0.36461565589016076
