theta,z,w
-0.39545086068989715,-0.17839562015284433,0.983958841979827
-0.7340641964628607,-0.3537178076414581,0.9353521863754425
-1.0854223244572752,-0.5069669441889207,0.8619654966991125
-1.4240700836475726,-0.6574810799324234, 0.753471054209048
-1.7538990597797504,-0.7653807541903368,0.643577735098901
-2.101543849611112,-0.876045573957542,0.4822283197297737
-2.445733559492432,-0.9369159354027234,0.3495547596420906
-2.798702746912413,-0.9780162088736579, 0.2085288833241033
